{
    "avg_prec": 0.48739804504764256,
    "roc_auc": 0.9362566422672272
}